INSERT INTO `products` (`id`, `name`, `description`, `price`, `image`, `size_id`, `roast_id`, `toast_id`, `createdAt`, `updatedAt`) VALUES
(1, 'Mycteria leucocephala', 'cras mi pede malesuada in imperdiet et commodo vulputate justo in blandit ultrices enim lorem ipsum dolor sit amet consectetuer adipiscing elit proin interdum mauris non ligula pellentesque ultrices phasellus id sapien in sapien iaculis congue vivamus metus arcu adipiscing molestie hendrerit at vulputate vitae nisl aenean lectus pellentesque eget nunc donec quis orci eget orci vehicula condimentum curabitur in libero ut massa volutpat convallis morbi odio odio elementum eu interdum eu tincidunt in leo maecenas pulvinar lobortis est phasellus sit amet erat', 1949.98, 'product_1.webp', 1, 1, 2, NULL, NULL),
(2, 'Lepilemur rufescens', 'metus vitae ipsum aliquam non mauris morbi non lectus aliquam sit amet diam in magna bibendum imperdiet nullam orci pede venenatis non sodales sed tincidunt eu felis fusce posuere felis sed lacus morbi sem mauris laoreet ut rhoncus aliquet pulvinar sed nisl nunc rhoncus dui vel sem sed sagittis nam congue risus semper porta volutpat quam pede lobortis ligula sit amet eleifend pede libero quis orci nullam molestie nibh in lectus pellentesque at nulla suspendisse potenti cras in purus eu magna vulputate luctus cum sociis natoque penatibus et magnis dis parturient montes nascetur ridiculus mus vivamus vestibulum sagittis sapien cum sociis natoque penatibus et magnis dis parturient montes nascetur ridiculus mus etiam vel augue vestibulum rutrum rutrum neque aenean auctor gravida sem praesent id massa id nisl venenatis lacinia aenean sit amet justo morbi ut', 4435.93, 'product_2.webp', 1, 1, 1, NULL, NULL),
(3, 'Oxybelis fulgidus', 'vestibulum aliquet ultrices erat tortor sollicitudin mi sit amet lobortis sapien sapien non mi integer', 4394.79, 'product_3.webp', 1, 1, 1, NULL, NULL),
(4, 'Felis pardalis', 'nulla mollis molestie lorem quisque ut erat curabitur gravida nisi at nibh in hac habitasse platea dictumst aliquam augue quam sollicitudin vitae consectetuer eget rutrum at lorem integer tincidunt ante vel ipsum praesent blandit lacinia erat vestibulum sed magna at nunc commodo placerat praesent blandit nam nulla integer pede justo lacinia eget tincidunt eget tempus vel pede morbi porttitor lorem id ligula suspendisse ornare consequat lectus in est risus auctor sed tristique in tempus sit amet sem fusce consequat nulla nisl nunc nisl duis bibendum felis sed interdum venenatis turpis enim blandit mi in porttitor pede justo eu massa donec dapibus duis at velit eu est congue elementum in hac habitasse platea dictumst morbi vestibulum velit id pretium iaculis diam erat fermentum justo nec condimentum neque sapien placerat ante nulla justo aliquam quis turpis eget elit sodales scelerisque mauris sit amet eros suspendisse accumsan tortor quis turpis sed ante vivamus tortor duis mattis egestas metus aenean', 3533.78, 'product_4.webp', 1, 1, 1, NULL, NULL),
(5, 'Dasypus novemcinctus', 'morbi ut odio cras mi pede malesuada in imperdiet et commodo vulputate justo in blandit ultrices enim lorem ipsum dolor sit amet consectetuer adipiscing elit proin interdum mauris non ligula pellentesque ultrices phasellus id sapien in sapien iaculis congue vivamus metus arcu adipiscing molestie hendrerit at vulputate vitae nisl aenean lectus pellentesque eget nunc donec quis orci eget orci vehicula condimentum curabitur in libero ut massa volutpat convallis morbi odio odio elementum eu interdum eu tincidunt in leo maecenas pulvinar lobortis est phasellus sit amet erat nulla tempus vivamus in felis eu sapien cursus vestibulum proin eu mi nulla ac enim in tempor turpis nec euismod scelerisque quam turpis adipiscing lorem vitae mattis nibh ligula nec sem duis aliquam convallis nunc proin at turpis a pede posuere nonummy integer non velit donec diam neque vestibulum eget vulputate ut ultrices vel', 2546.72, 'product_5.webp', 1, 1, 1, NULL, NULL),
(6, 'Spermophilus armatus', 'non mauris morbi non lectus aliquam sit amet diam in magna bibendum imperdiet nullam orci pede venenatis non sodales sed tincidunt eu felis fusce posuere felis sed lacus morbi sem mauris laoreet ut rhoncus aliquet pulvinar sed nisl nunc rhoncus dui vel sem sed sagittis nam congue risus semper porta volutpat quam pede lobortis ligula sit amet eleifend pede libero quis orci nullam molestie nibh in lectus pellentesque at nulla suspendisse potenti cras in purus eu magna vulputate luctus cum sociis natoque penatibus et magnis dis parturient montes nascetur ridiculus', 1972.47, 'product_6.webp', 1, 2, 3, NULL, NULL),
(7, 'Macaca mulatta', 'velit eu est congue elementum in hac habitasse platea dictumst morbi vestibulum velit id pretium iaculis diam erat fermentum justo nec condimentum neque sapien placerat ante nulla justo aliquam quis turpis eget elit sodales scelerisque mauris sit amet eros suspendisse accumsan tortor quis turpis sed ante vivamus tortor duis mattis egestas metus aenean fermentum donec ut mauris eget massa tempor convallis nulla neque libero convallis eget eleifend luctus ultricies eu nibh quisque id justo sit amet sapien dignissim vestibulum vestibulum ante ipsum primis in faucibus orci luctus et ultrices posuere cubilia curae nulla dapibus dolor vel est donec odio justo sollicitudin ut suscipit a feugiat et eros vestibulum ac est lacinia nisi venenatis tristique fusce congue diam id ornare imperdiet sapien urna pretium nisl ut volutpat sapien arcu sed augue aliquam erat volutpat in congue etiam justo etiam pretium iaculis justo in hac habitasse platea dictumst etiam', 4883.26, 'product_7.webp', 2, 1, 3, NULL, NULL),
(8, 'Physignathus cocincinus', 'felis fusce posuere felis sed lacus morbi sem mauris laoreet ut rhoncus aliquet pulvinar sed nisl nunc rhoncus dui vel sem sed sagittis nam congue risus semper porta volutpat quam pede lobortis ligula sit amet eleifend pede libero quis orci nullam molestie nibh in lectus pellentesque at nulla suspendisse potenti cras in', 4637.95, 'product_9.webp', 1, 3, 1, NULL, NULL),
(9, 'Paroaria gularis', 'sit amet sapien dignissim vestibulum vestibulum ante ipsum primis in faucibus orci luctus et ultrices posuere cubilia curae nulla dapibus dolor vel est donec odio justo sollicitudin ut suscipit a feugiat et eros vestibulum ac est lacinia nisi venenatis tristique fusce congue diam id ornare imperdiet sapien urna pretium nisl ut volutpat sapien arcu sed augue aliquam erat volutpat in congue etiam justo etiam pretium iaculis justo in hac habitasse platea dictumst etiam faucibus cursus urna ut tellus nulla ut erat id mauris vulputate elementum nullam varius nulla facilisi cras non velit nec nisi vulputate nonummy maecenas tincidunt lacus at velit vivamus vel nulla eget eros elementum pellentesque quisque porta volutpat erat quisque erat eros viverra eget congue eget semper rutrum nulla nunc purus phasellus in felis donec semper sapien a libero nam dui proin leo odio porttitor id consequat in consequat ut nulla sed accumsan felis ut at dolor quis odio consequat varius integer ac leo pellentesque ultrices mattis odio donec vitae nisi nam ultrices libero non mattis pulvinar nulla pede ullamcorper augue', 4270.33, 'product_10.webp', 1, 1, 1, NULL, NULL),
(10, 'Dicrurus adsimilis', 'ut at dolor quis odio consequat varius integer ac leo pellentesque ultrices mattis odio donec vitae nisi nam ultrices libero non mattis pulvinar nulla', 4123.28, 'product_11.webp', 1, 1, 1, NULL, NULL),
(11, 'Limnocorax flavirostra', 'duis mattis egestas metus aenean fermentum donec ut mauris eget massa tempor convallis nulla neque libero convallis eget eleifend luctus ultricies eu nibh quisque id justo sit amet sapien dignissim vestibulum vestibulum ante ipsum primis in faucibus orci luctus et ultrices posuere cubilia curae nulla dapibus dolor vel est donec odio justo sollicitudin ut suscipit a feugiat et eros vestibulum ac est lacinia nisi venenatis tristique fusce', 2265.24, 'product_12.webp', 1, 2, 2, NULL, NULL),
(12, 'Hippotragus equinus', 'nisi venenatis tristique fusce congue diam id ornare imperdiet sapien urna pretium nisl ut volutpat sapien arcu sed augue aliquam erat volutpat in congue etiam justo etiam pretium iaculis justo in hac habitasse platea dictumst etiam faucibus cursus urna ut tellus nulla ut erat id mauris vulputate elementum nullam varius nulla facilisi cras non velit nec nisi vulputate nonummy maecenas tincidunt lacus at velit vivamus vel nulla eget eros elementum pellentesque quisque porta volutpat erat quisque erat eros viverra eget congue eget semper rutrum nulla nunc purus phasellus in felis donec semper sapien a libero nam', 3436.91, 'product_13.webp', 1, 1, 1, NULL, NULL),
(13, 'Otaria flavescens', 'nunc vestibulum ante ipsum primis in faucibus orci luctus et ultrices posuere cubilia curae mauris viverra diam vitae quam suspendisse potenti nullam porttitor lacus at turpis donec posuere metus vitae ipsum aliquam non mauris morbi non lectus aliquam sit amet diam in magna bibendum imperdiet nullam orci pede venenatis non sodales', 3601.23, 'product_14.webp', 1, 1, 1, NULL, NULL),
(14, 'Hippotragus equinus', 'non pretium quis lectus suspendisse potenti in eleifend quam a odio in hac habitasse platea dictumst maecenas ut massa quis augue luctus tincidunt nulla mollis molestie lorem quisque ut erat curabitur gravida nisi at nibh in hac habitasse platea dictumst aliquam augue quam sollicitudin vitae consectetuer eget rutrum at lorem integer tincidunt ante', 2507.38, 'product_15.webp', 1, 1, 1, NULL, NULL),
(15, 'Fratercula corniculata', 'volutpat convallis morbi odio odio elementum eu interdum eu tincidunt in leo maecenas pulvinar lobortis est phasellus sit amet erat nulla tempus vivamus in felis eu sapien cursus vestibulum', 1220.53, 'product_16.webp', 1, 1, 1, NULL, NULL),
(16, 'Centrocercus urophasianus', 'dolor vel est donec odio justo sollicitudin ut suscipit a feugiat et eros vestibulum ac est lacinia nisi venenatis tristique fusce congue diam id ornare imperdiet sapien urna pretium nisl ut volutpat sapien arcu sed augue aliquam erat volutpat in congue etiam justo etiam pretium iaculis justo in', 1728.15, 'product_17.webp', 1, 1, 1, NULL, NULL),
(17, 'Anas punctata', 'dapibus dolor vel est donec odio justo sollicitudin ut suscipit a feugiat et eros vestibulum ac est lacinia nisi venenatis tristique fusce congue diam id ornare imperdiet sapien urna pretium nisl ut volutpat sapien arcu sed augue aliquam erat volutpat in congue etiam justo etiam pretium iaculis justo in hac habitasse platea dictumst etiam faucibus cursus urna ut tellus nulla ut erat id mauris vulputate elementum nullam varius nulla facilisi cras non velit nec nisi vulputate nonummy maecenas tincidunt lacus at velit vivamus vel nulla eget eros elementum pellentesque quisque porta volutpat erat quisque erat eros viverra eget congue eget semper rutrum nulla nunc purus phasellus in felis donec semper sapien a libero nam dui proin leo odio porttitor id consequat in', 3064.65, 'product_18.webp', 1, 1, 1, NULL, NULL);

INSERT INTO `roasts` (`id`, `name`, `createdAt`, `updatedAt`) VALUES
(1, 'brasil', '0000-00-00 00:00:00', '0000-00-00 00:00:00'),
(2, 'colombia', '0000-00-00 00:00:00', '0000-00-00 00:00:00'),
(3, 'francia', '0000-00-00 00:00:00', '0000-00-00 00:00:00');

INSERT INTO `sequelizemeta` (`name`) VALUES
('20200921183323-create-product.js'),
('20200921185224-create-size.js'),
('20200921185329-create-roast.js'),
('20200921185344-create-toast.js');

INSERT INTO `sizes` (`id`, `name`, `createdAt`, `updatedAt`) VALUES
(1, '250', '0000-00-00 00:00:00', '0000-00-00 00:00:00'),
(2, '500', '0000-00-00 00:00:00', '0000-00-00 00:00:00'),
(3, '1000', '0000-00-00 00:00:00', '0000-00-00 00:00:00');

INSERT INTO `toasts` (`id`, `name`, `createdAt`, `updatedAt`) VALUES
(1, 'suizo', '0000-00-00 00:00:00', '0000-00-00 00:00:00'),
(2, 'español', '0000-00-00 00:00:00', '0000-00-00 00:00:00'),
(3, 'italiano', '0000-00-00 00:00:00', '0000-00-00 00:00:00');

INSERT INTO `users` (`id`, `first_name`, `last_name`, `email`, `password`, `category_id`, `adress`, `phone_number`, `image`) VALUES
(1, 'Ginnifer', 'Muffitt', 'gmuffitt0@cdbaby.com', 'pBIxzjMxm', 1, '8 Crest Line Drive', '690-743-8266', 'avatar.png'),
(2, 'Cullie', 'Skym', 'cskym1@uol.com.br', 'EfVfPZHDV', 2, '7628 Mendota Street', '885-287-1177', 'avatar.png'),
(3, 'Enos', 'Songest', 'esongest2@drupal.org', 'BPxtrR', 2, '74669 Melrose Point', '995-553-4659', 'avatar.png'),
(4, 'Sarine', 'Gruby', 'sgruby3@google.pl', 'auv6QuRU', 2, '663 Hooker Way', '278-649-8488', 'avatar.png'),
(5, 'Alfredo', 'Barker', 'abarker4@msu.edu', 'qG4W6Oz', 2, '339 Rigney Court', '572-577-1690', 'avatar.png'),
(6, 'Brigitte', 'Dike', 'bdike5@home.pl', 'aTp63ew', 2, '2146 Mayer Parkway', '546-659-3970', 'avatar.png'),
(7, 'Del', 'McAsgill', 'dmcasgill6@statcounter.com', 'dXji9r8mYs', 1, '43910 Canary Way', '824-182-2244', 'avatar.png'),
(8, 'Delila', 'Goscar', 'dgoscar7@sphinn.com', '85vd4JyR', 1, '15047 Morning Trail', '669-477-8842', 'avatar.png'),
(9, 'Cory', 'Leyson', 'cleyson8@dedecms.com', 'hMxMT0I', 2, '47674 Badeau Crossing', '656-137-5296', 'avatar.png'),
(10, 'Whitney', 'Orrock', 'worrock9@adobe.com', 'Bzt0mJMJs', 2, '797 Towne Point', '901-728-9821', 'avatar.png'),
(11, 'Ike', 'Vannuccini', 'ivannuccinia@arstechnica.com', 'feyRQaBv', 2, '27 Kim Court', '671-961-8549', 'avatar.png'),
(12, 'Lane', 'Barbisch', 'lbarbischb@miibeian.gov.cn', 'XvMMhd', 2, '35 Memorial Court', '725-716-4652', 'avatar.png'),
(13, 'Clarissa', 'Banyard', 'cbanyardc@wikispaces.com', 'kaafhQGO6gr', 2, '5 Gulseth Trail', '686-525-1583', 'avatar.png'),
(14, 'Ruben', 'Halshaw', 'rhalshawd@pcworld.com', '23mURTuy', 2, '22 Gina Junction', '296-982-7435', 'avatar.png'),
(15, 'Piper', 'Petronis', 'ppetronise@psu.edu', 'VN7r8p', 2, '119 Lakeland Lane', '285-147-7961', 'avatar.png'),
(16, 'Natty', 'Stummeyer', 'nstummeyerf@parallels.com', 'O0BYMCqiUVXz', 2, '65 Merrick Plaza', '161-671-8321', 'avatar.png'),
(17, 'Iosep', 'Cubbini', 'icubbinig@xing.com', 'ytTwD8', 2, '62254 Iowa Way', '452-508-7259', 'avatar.png'),
(18, 'Roxana', 'Besset', 'rbesseth@shinystat.com', 'LkrTXZFT2t', 2, '606 Lighthouse Bay Lane', '402-653-2108', 'avatar.png'),
(19, 'Dov', 'Kerin', 'dkerini@theglobeandmail.com', 'QkWeS9L', 2, '9 Stone Corner Crossing', '757-162-9036', 'avatar.png'),
(20, 'Georgette', 'Beachamp', 'gbeachampj@apache.org', 'ukgSApeI', 2, '666 Kim Parkway', '991-408-8809', 'avatar.png');
